variable,coefficient,abs_coef
30158-Symtpom_Neuro-7,1.0602825034853673,1.0602825034853673
30766-pinkblue_confirm,0.6479111932286798,0.6479111932286798
31386-covid_results-1,0.543570077234864,0.543570077234864
31386-covid_results-2,-0.38204904607690543,0.38204904607690543
30183-states_specify-42,0.36449199924036424,0.36449199924036424
30183-states_specify-33,0.3576463353809676,0.3576463353809676
32137-vaccine_avail,0.3511010965215312,0.3511010965215312
32138-vaccine_factors-13,0.32566775740370246,0.32566775740370246
30158-Symtpom_Neuro-8,0.3157756027245356,0.3157756027245356
30141-covid_tst_symptoms-3,0.3108548361599621,0.3108548361599621
31396-join_hear-6,0.2957852633919331,0.2957852633919331
30141-covid_tst_symptoms-6,0.2956145544315122,0.2956145544315122
32138-vaccine_factors-17,0.29118292713708405,0.29118292713708405
30141-covid_tst_symptoms-19,-0.28226058415204613,0.28226058415204613
30183-states_specify-39,0.2774136119093199,0.2774136119093199
30153-Symptoms-2,0.2737978611296861,0.2737978611296861
32359-blue_nopink_confirm_2,-0.27373084373746825,0.27373084373746825
30121-Dressing,0.2671745846233648,0.2671745846233648
30103-conditionsrisks-6,0.26338860982312295,0.26338860982312295
29829-consent__X__32730-howreceive,0.25536001463944175,0.25536001463944175
29789-consent_18yrs__X__32730-howreceive,0.25536001463944175,0.25536001463944175
29791-consent_english__X__32730-howreceive,0.25536001463944175,0.25536001463944175
29793-consent_location__X__32730-howreceive,0.25536001463944175,0.25536001463944175
32730-howreceive,0.25536001463944175,0.25536001463944175
30103-conditionsrisks-22,0.25221087410588344,0.25221087410588344
30138-COVID_Why-5,0.2478250502186852,0.2478250502186852
31356-past12_recommended-1,-0.22417041341888633,0.22417041341888633
30153-Symptoms-6,0.21358944033689853,0.21358944033689853
30167-Mask,0.19830745731538604,0.19830745731538604
32350-blueline_results_2,-0.19710325538835216,0.19710325538835216
29792-consent_covid+__X__32730-howreceive,-0.1962770617826304,0.1962770617826304
30769-blue_nopink_confirm,-0.19207507874866808,0.19207507874866808
29792-consent_covid+,-0.17815249460212523,0.17815249460212523
29792-consent_covid+__X__29829-consent,-0.17815249460212523,0.17815249460212523
29791-consent_english__X__29792-consent_covid+,-0.17815249460212523,0.17815249460212523
29792-consent_covid+__X__29793-consent_location,-0.17815249460212523,0.17815249460212523
29791-consent_english__X__29792-consent_covid+__X__29793-consent_location,-0.17815249460212523,0.17815249460212523
29789-consent_18yrs__X__29792-consent_covid+__X__29793-consent_location,-0.17815249460212523,0.17815249460212523
29789-consent_18yrs__X__29791-consent_english__X__29792-consent_covid+,-0.17815249460212523,0.17815249460212523
29789-consent_18yrs__X__29792-consent_covid+,-0.17815249460212523,0.17815249460212523
32138-vaccine_factors-9,0.17627194856499312,0.17627194856499312
30103-conditionsrisks-7,0.17361744637272528,0.17361744637272528
30141-covid_tst_symptoms-31,0.16616321296721973,0.16616321296721973
30118-Blind,-0.1661390435048586,0.1661390435048586
32730-howreceive__X__29871-KitReceived_response,0.1649156915558392,0.1649156915558392
30166-Prev_exposure-999,0.16466629274112496,0.16466629274112496
33469-_Height_Success,-0.1587962822846764,0.1587962822846764
33480-_Weight_Success,-0.1587962822846764,0.1587962822846764
30156-Symptom_GI-3,-0.15422440859226297,0.15422440859226297
29826-storage_permission,-0.14277127863736294,0.14277127863736294
30119-Concentrating,-0.1420577922135579,0.1420577922135579
30141-covid_tst_symptoms-4,0.14171074985888235,0.14171074985888235
31344-devices_own-2,-0.13996978601979537,0.13996978601979537
30166-Prev_exposure-1,-0.13904903753449852,0.13904903753449852
30154-Symptoms_Resp-3,0.13879577538160834,0.13879577538160834
31346-past12mo_tech-3,-0.12283046521166759,0.12283046521166759
32356-pinkblue_confirm_2,0.12260959665763121,0.12260959665763121
36104-Post_vaccinefactors-8,0.11283078697943533,0.11283078697943533
30156-Symptom_GI-5,0.1120810423346026,0.1120810423346026
30160-Symptom_Inflamm-2,0.11116730455716604,0.11116730455716604
31346-past12mo_tech-2,-0.10945771448452246,0.10945771448452246
30086-Gender-2,-0.10260579902488871,0.10260579902488871
31396-join_hear-5,-0.09681832064375445,0.09681832064375445
30141-covid_tst_symptoms-16,0.09533206656837158,0.09533206656837158
30103-conditionsrisks-20,-0.09246570497451878,0.09246570497451878
31356-past12_recommended-2,-0.09190816243913685,0.09190816243913685
32603-Symptoms_Ill_16,-0.09116628283678359,0.09116628283678359
36097-Post_vaccinelikely,0.09032372326638376,0.09032372326638376
30141-covid_tst_symptoms-11,0.08543956793543846,0.08543956793543846
30154-Symptoms_Resp-1,-0.08270752160373941,0.08270752160373941
32138-vaccine_factors-1,-0.08056963810179438,0.08056963810179438
32730-howreceive__X__32150-preferred_time,0.08016067505304766,0.08016067505304766
30103-conditionsrisks-19,0.07949111845954594,0.07949111845954594
30150-flu_tst_symptoms-3,-0.07816632491701815,0.07816632491701815
31396-join_hear-1,-0.07784689846411384,0.07784689846411384
30086-Gender-1,0.07323981667173973,0.07323981667173973
30103-conditionsrisks-16,0.07105402649562693,0.07105402649562693
30138-COVID_Why-4,0.07094733542155096,0.07094733542155096
36104-Post_vaccinefactors-3,0.06680836233627209,0.06680836233627209
32730-howreceive__X__29858-Shipping_placement,0.06631366960612255,0.06631366960612255
32310-testkit_performing_2,-0.064586290751615,0.064586290751615
36104-Post_vaccinefactors-4,0.06265395456567104,0.06265395456567104
30103-conditionsrisks-5,0.0626336263830435,0.0626336263830435
30082-Race-2,0.06228045811917228,0.06228045811917228
29791-consent_english__X__32150-preferred_time,0.062240236823914996,0.062240236823914996
29793-consent_location__X__32150-preferred_time,0.062240236823914996,0.062240236823914996
29829-consent__X__32150-preferred_time,0.062240236823914996,0.062240236823914996
32150-preferred_time,0.062240236823914996,0.062240236823914996
29789-consent_18yrs__X__32150-preferred_time,0.062240236823914996,0.062240236823914996
30075-Other_household__X__30081-general_health,-0.05853557035374994,0.05853557035374994
32730-howreceive__X__30075-Other_household,-0.05788253595700926,0.05788253595700926
32612-Symptoms_Ill_25,0.05411784963354789,0.05411784963354789
32616-Symptoms_Ill_29,-0.053107743069974435,0.053107743069974435
32138-vaccine_factors-10,0.05243614476044206,0.05243614476044206
32730-howreceive__X__32135-annual_income,0.051665907589458666,0.051665907589458666
30153-Symptoms-4,-0.05050260106953391,0.05050260106953391
30166-Prev_exposure-2,0.0502338186902374,0.0502338186902374
29789-consent_18yrs__X__29790-consent_applies__X__29793-consent_location,-0.05015728211202163,0.05015728211202163
29789-consent_18yrs__X__29790-consent_applies__X__29791-consent_english,-0.05015728211202163,0.05015728211202163
29790-consent_applies__X__29793-consent_location,-0.05015728211202163,0.05015728211202163
29790-consent_applies,-0.05015728211202163,0.05015728211202163
29790-consent_applies__X__29829-consent,-0.05015728211202163,0.05015728211202163
29789-consent_18yrs__X__29790-consent_applies,-0.05015728211202163,0.05015728211202163
29790-consent_applies__X__29791-consent_english__X__29793-consent_location,-0.05015728211202163,0.05015728211202163
29790-consent_applies__X__29791-consent_english,-0.05015728211202163,0.05015728211202163
30170-Flu_shot,0.05010795240191564,0.05010795240191564
30107-alcohol_consume,0.05009952330782594,0.05009952330782594
30154-Symptoms_Resp-2,0.04996296633675697,0.04996296633675697
30772-noblue_confirm,-0.04973174443679188,0.04973174443679188
30103-conditionsrisks-8,-0.049514893799522716,0.049514893799522716
30150-flu_tst_symptoms-23,0.049223175207716525,0.049223175207716525
30150-flu_tst_symptoms-10,0.049223175207716525,0.049223175207716525
30150-flu_tst_symptoms-21,0.049223175207716525,0.049223175207716525
30150-flu_tst_symptoms-30,0.049223175207716525,0.049223175207716525
30141-covid_tst_symptoms-7,-0.045413458611944464,0.045413458611944464
31393-join_why-9,0.045201527199933984,0.045201527199933984
30713-Height_Inches,0.04478726728157015,0.04478726728157015
30085-Ethnicity,-0.04326535729291299,0.04326535729291299
31346-past12mo_tech-998,-0.041855603817042446,0.041855603817042446
30123-ColorBlind,-0.04158809332187507,0.04158809332187507
29790-consent_applies__X__30075-Other_household,-0.04115942414072129,0.04115942414072129
32138-vaccine_factors-8,0.04110265497361866,0.04110265497361866
30120-Walking,-0.04080886955083409,0.04080886955083409
30155-Symptom_Resp_other,0.03993072067685135,0.03993072067685135
31396-join_hear-2,-0.0397178743367588,0.0397178743367588
30141-covid_tst_symptoms-21,0.03858012758424666,0.03858012758424666
30103-conditionsrisks-9,0.037837335916511686,0.037837335916511686
31402-research_compare,-0.03685326815926706,0.03685326815926706
30154-Symptoms_Resp-4,0.036404084527597094,0.036404084527597094
32138-vaccine_factors-999,0.03625789736439913,0.03625789736439913
32592-Symptoms_Ill_5,0.03593681437284667,0.03593681437284667
31393-join_why-6,-0.03587444884362163,0.03587444884362163
31386-covid_results-999,-0.035699925609635114,0.035699925609635114
30138-COVID_Why-1,0.0356412482546607,0.0356412482546607
30141-covid_tst_symptoms-5,0.034653042950128346,0.034653042950128346
32150-preferred_time__X__32135-annual_income,0.03462821509818499,0.03462821509818499
30154-Symptoms_Resp-999,-0.034042003191494294,0.034042003191494294
30428-housecount_specify__X__32135-annual_income,0.033929041079489436,0.033929041079489436
30082-Race-1,-0.03348557177950677,0.03348557177950677
30101-ace_medication,0.03250376683616962,0.03250376683616962
29792-consent_covid+__X__32150-preferred_time,-0.032389636269620846,0.032389636269620846
31346-past12mo_tech-4,-0.032068355006427095,0.032068355006427095
30141-covid_tst_symptoms-26,-0.03157799060099819,0.03157799060099819
32353-pinkline_results_2,-0.02994461869502878,0.02994461869502878
30124-ColorBlind_type,0.029221378708232347,0.029221378708232347
32362-noblue_confirm_2,-0.028221300618385573,0.028221300618385573
30138-COVID_Why-3,0.02609120173365103,0.02609120173365103
31361-trust_measures_insurance,-0.026003981288172908,0.026003981288172908
31346-past12mo_tech-1,-0.0252990098406743,0.0252990098406743
31344-devices_own-4,-0.024693184008761658,0.024693184008761658
36104-Post_vaccinefactors-2,-0.024517769401942783,0.024517769401942783
30169-Food_poison,-0.023744837051306113,0.023744837051306113
30103-conditionsrisks-13,-0.023674816948250573,0.023674816948250573
32138-vaccine_factors-3,-0.02107941812019315,0.02107941812019315
30090-Birthsex,0.02093094997398179,0.02093094997398179
30141-covid_tst_symptoms-1,-0.020710293722122713,0.020710293722122713
30725-have_allitems,0.020519941759057126,0.020519941759057126
32615-Symptoms_Ill_28,0.02031348891404056,0.02031348891404056
30141-covid_tst_symptoms-25,0.020098568809314665,0.020098568809314665
32138-vaccine_factors-14,-0.018931985892749557,0.018931985892749557
32604-Symptoms_Ill_17,0.017929767558909092,0.017929767558909092
30141-covid_tst_symptoms-8,0.01720171849176593,0.01720171849176593
30141-covid_tst_symptoms-13,-0.016887897729637828,0.016887897729637828
32602-Symptoms_Ill_15,-0.016461664421254487,0.016461664421254487
31353-fitness_use,-0.01637805989214164,0.01637805989214164
30075-Other_household__X__30091-Education,-0.0160736428834874,0.0160736428834874
31350-healthdevice_type-6,-0.014970130030277428,0.014970130030277428
32138-vaccine_factors-11,-0.014712153033682628,0.014712153033682628
31393-join_why-5,0.014305167426941054,0.014305167426941054
29871-KitReceived_response__X__32135-annual_income,0.01333395466796913,0.01333395466796913
30158-Symtpom_Neuro-2,0.012094686891019679,0.012094686891019679
30165-Prev_Diag,-0.011868681098162637,0.011868681098162637
29790-consent_applies__X__30091-Education,-0.011483011451761255,0.011483011451761255
32594-Symptoms_Ill_7,-0.011181613466380627,0.011181613466380627
36104-Post_vaccinefactors-11,0.011098947511432797,0.011098947511432797
30160-Symptom_Inflamm-1,-0.010917499168152399,0.010917499168152399
32150-preferred_time__X__29871-KitReceived_response,0.01073604604150764,0.01073604604150764
31356-past12_recommended-3,0.010269607020723893,0.010269607020723893
30091-Education,-0.009414965711592666,0.009414965711592666
29789-consent_18yrs__X__30091-Education,-0.009414965711592666,0.009414965711592666
29829-consent__X__30091-Education,-0.009414965711592666,0.009414965711592666
29791-consent_english__X__30091-Education,-0.009414965711592666,0.009414965711592666
29793-consent_location__X__30091-Education,-0.009414965711592666,0.009414965711592666
30100-weight_options,0.008379083848314354,0.008379083848314354
32321-time_picker_2,-0.008294098818476193,0.008294098818476193
30081-general_health__X__30091-Education,-0.007770612771954386,0.007770612771954386
29789-consent_18yrs__X__30075-Other_household,-0.007415050340699296,0.007415050340699296
29829-consent__X__30075-Other_household,-0.007415050340699296,0.007415050340699296
30075-Other_household,-0.007415050340699296,0.007415050340699296
29793-consent_location__X__30075-Other_household,-0.007415050340699296,0.007415050340699296
29791-consent_english__X__30075-Other_household,-0.007415050340699296,0.007415050340699296
30156-Symptom_GI-1,0.007253208631650036,0.007253208631650036
30081-general_health__X__32135-annual_income,-0.006933897180838395,0.006933897180838395
29871-KitReceived_response__X__30091-Education,-0.0068302256496210745,0.0068302256496210745
29829-consent__X__32135-annual_income,0.006732123332188448,0.006732123332188448
29793-consent_location__X__32135-annual_income,0.006732123332188448,0.006732123332188448
29789-consent_18yrs__X__32135-annual_income,0.006732123332188448,0.006732123332188448
29791-consent_english__X__32135-annual_income,0.006732123332188448,0.006732123332188448
32135-annual_income,0.006732123332188448,0.006732123332188448
29858-Shipping_placement__X__30081-general_health,-0.006727923889234104,0.006727923889234104
31357-follow_doctor,-0.006294404154327352,0.006294404154327352
31345-internet_use,0.0061330740508101465,0.0061330740508101465
30141-covid_tst_symptoms-14,0.006095253939550653,0.006095253939550653
36104-Post_vaccinefactors-12,0.005950633270807484,0.005950633270807484
29790-consent_applies__X__30081-general_health,-0.005916017328099468,0.005916017328099468
32150-preferred_time__X__30081-general_health,-0.005883004193016685,0.005883004193016685
30091-Education__X__32135-annual_income,-0.00535889613636799,0.00535889613636799
30144-Flu_Result,-0.005333933524924804,0.005333933524924804
30141-covid_tst_symptoms-12,0.005167841662291966,0.005167841662291966
29871-KitReceived_response__X__30081-general_health,-0.00515785929950213,0.00515785929950213
32150-preferred_time__X__30428-housecount_specify,0.005153555375585388,0.005153555375585388
29790-consent_applies__X__29791-consent_english__X__29792-consent_covid+,-0.005026920589933201,0.005026920589933201
29790-consent_applies__X__29792-consent_covid+__X__29793-consent_location,-0.005026920589933201,0.005026920589933201
29790-consent_applies__X__29792-consent_covid+,-0.005026920589933201,0.005026920589933201
29789-consent_18yrs__X__29790-consent_applies__X__29792-consent_covid+,-0.005026920589933201,0.005026920589933201
29829-consent__X__30081-general_health,-0.005002685213034086,0.005002685213034086
30081-general_health,-0.005002685213034086,0.005002685213034086
29789-consent_18yrs__X__30081-general_health,-0.005002685213034086,0.005002685213034086
29793-consent_location__X__30081-general_health,-0.005002685213034086,0.005002685213034086
29791-consent_english__X__30081-general_health,-0.005002685213034086,0.005002685213034086
30153-Symptoms-3,0.004457895369245544,0.004457895369245544
30122-Errands,-0.002914886800965214,0.002914886800965214
30154-Symptoms_Resp-21,0.0028109617663839093,0.0028109617663839093
29858-Shipping_placement__X__30091-Education,-0.0027941541002729636,0.0027941541002729636
32078-inclinic_intro2,-0.0017105912422832256,0.0017105912422832256
32150-preferred_time__X__30091-Education,-0.0013304984955718959,0.0013304984955718959
30097-Height_options,-0.00132908306209862,0.00132908306209862
32591-Symptoms_Ill_4,-0.0013023666017808319,0.0013023666017808319
31360-trust_measures_pharmacy,-0.0012639021438958125,0.0012639021438958125
31358-trust_measures_family,-0.0012018808260992363,0.0012018808260992363
31344-devices_own-5,-0.0011638329118617526,0.0011638329118617526
31359-trust_measures_physician,-0.0010616611886776867,0.0010616611886776867
31386-covid_results-3,-0.0009913155056508452,0.0009913155056508452
30158-Symtpom_Neuro-1,-0.0006300438087772169,0.0006300438087772169
30158-Symtpom_Neuro-5,-0.00047676417161234827,0.00047676417161234827
30141-covid_tst_symptoms-10,-0.000438641172763443,0.000438641172763443
30141-covid_tst_symptoms-17,0.00017078337228757952,0.00017078337228757952
